y_d,y_r,pred_d,pred_r
0.24,-0.24,0.5778896,-0.37147102
0.11,-0.11,-0.1456513,0.0058635264
-0.13,0.13,-0.57709056,0.56258863
-0.7,0.7,0.2588594,-0.34277397
-0.38,0.38,0.32904223,-0.5526665
-0.19,0.19,0.41428742,-0.46761757
0.3,-0.3,0.4410163,-0.64505064
-4.78,4.78,-0.36545366,0.4923338
-3.5,3.5,-1.8851795,1.8664751
-2.98,2.98,-2.1533036,2.1734424
-0.43,0.43,0.4327283,-0.27119935
0.22,-0.22,-0.28206265,0.09696122
-0.08,0.08,0.10783,0.09397178
-4.49,4.49,-0.6101694,0.6286404
-3.88,3.88,0.079864584,0.04059767
-1.27,1.27,0.15262954,-0.0503268
-0.43,0.43,0.09748691,-0.118444964
-2.75,2.75,0.05628019,0.104339324
-0.22,0.22,-0.6311221,0.596437
-0.73,0.73,-0.99827087,1.2006638
-3.52,3.52,-0.84883416,0.9223634
0.16,-0.16,0.10059009,-0.0753686
-4.12,4.12,-2.3150203,2.3873212
0.35,-0.35,-0.9653114,0.9586028
0.49,-0.49,-0.8109191,0.8716791
-0.1,0.1,-1.0611336,1.0190421
-3.98,3.98,-0.07104169,-0.015446979
0.05,-0.05,0.28251523,-0.26362422
-3.19,3.19,-1.7424889,1.6342785
0.27,-0.27,-0.10504869,0.26575893
-3.18,3.18,0.32085285,-0.27077612
1.49,-1.49,0.9243867,-0.6229569
-3.07,3.07,-1.3834069,1.1899278
-1.21,1.21,0.29494864,-0.49766707
-1.87,1.87,-0.58827055,0.62197745
-1.92,1.92,-1.0497777,0.8006288
-3.29,3.29,-0.28598353,0.44411093
-0.32,0.32,0.27683058,-0.5798358
1.21,-1.21,-0.48782715,0.15131068
-4.54,4.54,-0.49458677,0.7265004
-0.45,0.45,-0.5616375,0.83857334
-3.3,3.3,0.3471729,-0.27521417
